username,completed,ExpSalTot,histExpSalTot,ExpNonSalTot,histExpNonSalTot,Deprec,histDeprec,AdmiNBeds,histAdmiNBeds,MHCareDays,histMHCareDays,NSeps,histNSeps,StdsReviewSt,comments_admi,action_required_start_setting_1,AdmiId,AdmiName,AdmiOccupancyRange,AdmiOccupancyRangeCA,considered_complete,fin_year,histHitHNBeds,histLHNID,histStdsReviewSt,HitHNBeds,HospId,known-warning,LHNID,OrgId,org_session_key,parent_session_key,ProgType,RecType,RegId,State,TargetPop,timestamp,page,path,scope_stack,session_key
MHCWA,,,,,,,,10.0,10.0,3540,3540,140,140,1.0,,,300999,STAGING HOSPITAL OLDER PERSONS MENTAL HEALTH INPATIENT UNIT,,,,2024/25,0.0,599,,0.0,999,,599,99,4777614a-823c-11f0-baa5-cb1fbacaedf7,47777e1d-823c-11f0-baa5-d78f9199acfc,1,ADMI,99,5,2,,,,,4777c7be-823c-11f0-baa5-a6992e6748f9
MHCWA,,,,,,,,9.9,9.9,3610,3610,150,150,1.0,,,220999,STAGING HOSPITAL ADULT OTHER MENTAL HEALTH INPATIENT UNIT,,,,2024/25,0.0,599,,0.0,999,,599,99,4777614a-823c-11f0-baa5-cb1fbacaedf7,47777e1d-823c-11f0-baa5-d78f9199acfc,2,ADMI,99,5,4,,,,,4777c76f-823c-11f0-baa5-876a3ab026cf
MHCWA,,,,,,,,20.0,20.0,10010,10010,900,900,1.0,,,210999,STAGING HOSPITAL ADULT ACUTE MENTAL HEALTH INPATIENT UNIT,,,,2024/25,9.6,599,,9.6,999,,599,99,4777614a-823c-11f0-baa5-cb1fbacaedf7,47777e1d-823c-11f0-baa5-d78f9199acfc,1,ADMI,99,5,4,,,,,4777c71e-823c-11f0-baa5-d1ca30549379
MHCWA,,,,,,,,10.0,10.0,3540,3540,140,140,1.0,,,300998,TRAINING HOSPITAL OLDER PERSONS MENTAL HEALTH INPATIENT UNIT,96.7213114754098,,,2024/25,0.0,599,,0.0,998,,599,98,47776117-823c-11f0-baa5-d1724e3e5729,47777de1-823c-11f0-baa5-9581673460c1,1,ADMI,98,5,2,,,,,4777c6d0-823c-11f0-baa5-843d0b25339b
MHCWA,,,,,,,,9.9,9.9,3610,3610,150,150,1.0,,,220998,TRAINING HOSPITAL ADULT OTHER MENTAL HEALTH INPATIENT UNIT,99.6301815973947,,,2024/25,0.0,599,,0.0,998,,599,98,47776117-823c-11f0-baa5-d1724e3e5729,47777de1-823c-11f0-baa5-9581673460c1,2,ADMI,98,5,4,,,,,4777c67e-823c-11f0-baa5-e740c7b98ee6
MHCWA,,,,,,,,20.0,20.0,10010,10010,900,900,1.0,,,210998,TRAINING HOSPITAL ADULT ACUTE MENTAL HEALTH INPATIENT UNIT,136.748633879781,,,2024/25,9.6,599,,9.6,998,"{'start' => {'occupancy' => {'OccupancyRate' => {'rule_content' => 'Inpatient occupancy is low.','action' => 'add','component' => 'admi','slot_name' => 'occupancy','meteor_short_name' => '','page_name' => 'start','rule' => 'OccupancyRate','sort_index' => 0}}}}",599,98,47776117-823c-11f0-baa5-d1724e3e5729,47777de1-823c-11f0-baa5-9581673460c1,1,ADMI,98,5,4,{'start' => 1757473891},start,['start'],,4777c639-823c-11f0-baa5-fbc498f70b46
MHCWA,,3119462.0,3752276.0,1292674.0,1254620.0,13793.0,6111.0,20.0,20.0,5855,5925,234,206,1.0,"Reduction in salaries and wages due to Diagnostic staff (Allied Health) being transferred to Bentley, as Allied Health staff consolidated under Allied Health governance. No methodology to split costs has been developed yet",0.0,220400,ST JAMES TRANSITIONAL CARE ADULT OTHER MENTAL HEALTH INPATIENT UNIT,80.9426229508197,,1761878176.0,2024/25,0.0,504,4.0,0.0,400,{},504,44,4777604f-823c-11f0-baa5-ac7f79b066e1,47777d60-823c-11f0-baa5-918d3d3ffe7a,2,ADMI,28,5,4,{'start' => 1761877830},start,,,4777c5e8-823c-11f0-baa5-e1b3f217e301
MHCWA,,3119462.0,3752277.0,1292674.0,1254621.0,13793.0,6111.0,20.0,20.0,5062,4475,317,291,1.0,"Low occupancy partly due to model of care allowing patients to take leave days over weekends, leave days are not ABF reportable.
Low occupancy also partly due to referral pathways not yet well-established and lack of awareness of admission criteria.

Reduction in salaries and wages due to Diagnostic staff (Allied Health) being transferred to Bentley, as Allied Health staff consolidated under Allied Health governance. No methodology to split costs has been developed yet",0.0,210400,ST JAMES TRANSITIONAL CARE ADULT ACUTE MENTAL HEALTH INPATIENT UNIT,61.1338797814208,,1761878145.0,2024/25,0.0,504,4.0,0.0,400,"{'start' => {'occupancy' => {'OccupancyRate' => {'sort_index' => 0,'page_name' => 'start','rule' => 'OccupancyRate','component' => 'admi','slot_name' => 'occupancy','meteor_short_name' => '','action' => 'add','rule_content' => 'Inpatient occupancy is low.'}}}}",504,44,4777604f-823c-11f0-baa5-ac7f79b066e1,47777d60-823c-11f0-baa5-918d3d3ffe7a,1,ADMI,28,5,4,{'start' => 1761878156},start,['start'],,4777c59a-823c-11f0-baa5-a8d43fa79bb5
MHCWA,,15947650.0,15839251.0,4798623.0,4261628.0,19140.0,23677.0,20.0,37.4,6412,11442,860,1378,1.0,"Cost per bed day - Cost profile of Ward 2K remains against Royal Perth Hospital, while activity is against Bentley Hospital while ward temporarily relocated to Bentley",0.0,200101,ROYAL PERTH HOSPITAL (RPH) GENERAL MENTAL HEALTH INPATIENT UNIT,83.5890242833348,,1761881199.0,2024/25,0.0,504,1.0,0.0,101,"{'start' => {'avg-patient-bed-day-cost' => {'AdmiAvgPatientDayRange' => {'meteor_short_name' => '','slot_name' => 'avg-patient-bed-day-cost','component' => 'admi','action' => 'add','sort_index' => 1,'rule' => 'AdmiAvgPatientDayRange','page_name' => 'start','rule_content' => 'General/adult cost per bed day is outside the national range.'}}}}",504,26,4777601d-823c-11f0-baa5-ae85faa674cc,47777bec-823c-11f0-baa5-e5aa18383511,1,ADMI,28,5,4,{'start' => 1761881184},start,,,4777c552-823c-11f0-baa5-86f0ff3e1e76
MHCWA,,5988133.0,6122952.0,1701846.0,1458757.0,5286.0,4815.0,11.6,11.7,3287,3737,346,286,1.0,"Increased usage of outsourced security due to high acuity patients, to mitigate risks associated with high levels of aggression

Lower occupancy is due to agreement with Corrective Services to accept patient from Banksia Hill detention centre. Highly aggressive patients requiring quarantining of 3 beds for single patient. 

Lower occupancy also due to lower voluntary and low acuity patients due to opening of new Joondalup youth mental health facility, also increasing average acuity of Bentley Youth Unit",0.0,400255,BENTLEY HOSPITAL YOUTH MENTAL HEALTH INPATIENT UNIT,87.2682266124889,,1761882473.0,2024/25,0.0,504,1.0,0.0,255,"{'start' => {'occupancy' => {'OccupancyRate' => {'rule_content' => 'Inpatient occupancy is low.','sort_index' => 0,'rule' => 'OccupancyRate','page_name' => 'start','meteor_short_name' => '','component' => 'admi','slot_name' => 'occupancy','action' => 'add'}},'avg-patient-bed-day-cost' => {'AdmiAvgPatientDayRange' => {'rule_content' => 'Youth cost per bed day is outside the national range.','action' => 'add','component' => 'admi','slot_name' => 'avg-patient-bed-day-cost','meteor_short_name' => '','page_name' => 'start','rule' => 'AdmiAvgPatientDayRange','sort_index' => 1}}}}",504,2,47775feb-823c-11f0-baa5-c463920ffd65,4777787d-823c-11f0-baa5-860b2649031a,1,ADMI,28,5,5,{'start' => 1761881956},start,,,4777c503-823c-11f0-baa5-982d0b6d98d1
MHCWA,,9536512.0,8657820.0,1875969.0,1810539.0,24221.0,15609.0,26.0,25.6,8728,8558,297,234,1.0,Salaries and wages increase due to wage EBA and material increase in revaluation of EMHS leave provisions,0.0,300255,BENTLEY HOSPITAL OLDER PERSONS MENTAL HEALTH INPATIENT UNIT,91.337943989071,,1761882230.0,2024/25,0.0,504,1.0,0.0,255,{},504,2,47775feb-823c-11f0-baa5-c463920ffd65,4777787d-823c-11f0-baa5-860b2649031a,1,ADMI,28,5,2,{'start' => 1761882164},start,,,4777c4b2-823c-11f0-baa5-bb59d1b59fa5
MHCWA,,19142810.0,17275580.0,5303874.0,5163065.0,40699.0,18811.0,58.9,48.7,20164,17333,1206,561,1.0,"Increase in salaries and wages due to salary increases in EBA and material increase in revaluation of EMHS leave provisions. Additionally, TCU's Diagnostic (Allied Health) costs have been transferred to Bentley due to costs being transferred to Bentley under governance of Allied Health. No methodology to apportion split

Activity is higher due to relocation of Ward 2K from RPH to Bentley. However, cost profile remains at RPH lowering average cost per bed day



",0.0,200255,BENTLEY HOSPITAL ADULT MENTAL HEALTH INPATIENT UNIT,97.2441960929523,,1761882203.0,2024/25,0.0,504,1.0,0.0,255,{},504,2,47775feb-823c-11f0-baa5-c463920ffd65,4777787d-823c-11f0-baa5-860b2649031a,1,ADMI,28,5,4,{'start' => 1761882181},start,,,4777c464-823c-11f0-baa5-de64c1347bc6
MHCWA,,3659784.0,3403102.0,736171.0,700978.0,3857.0,3857.0,7.3,8.0,2482,2789,69,59,1.0,"Increases to wage EBA, superannuation, large material revaluation to EMHS leave provisions
Due to challenges faced by Armadale recruiting psychiatrists, continued reliance on locum doctors who are paid at a significant premium
Material use of nursing specials and companions used to mitigate intrusiveness by patients.
",0.0,300203,ARMADALE HOSPITAL OLDER PERSONS MENTAL HEALTH INPATIENT UNIT,95.2527322404372,,1761877500.0,2024/25,0.0,504,1.0,0.0,203,"{'start' => {'avg-patient-bed-day-cost' => {'AdmiAvgPatientDayRange' => {'rule' => 'AdmiAvgPatientDayRange','page_name' => 'start','sort_index' => 1,'action' => 'add','meteor_short_name' => '','slot_name' => 'avg-patient-bed-day-cost','component' => 'admi','rule_content' => 'Older person cost per bed day is outside the national range.'}}}}",504,1,47775fb9-823c-11f0-baa5-ddfeff17ef21,477777a1-823c-11f0-baa5-f25957a22e53,1,ADMI,28,5,2,{'start' => 1761877487},start,,,4777c41c-823c-11f0-baa5-ff46888dcc46
MHCWA,,17264764.0,15165402.0,4504467.0,3599450.0,452305.0,399634.0,32.4,31.0,12546,12061,766,743,1.0,"Increases to wage EBA, superannuation, large material revaluation to EMHS leave provisions
Due to challenges faced by Armadale recruiting psychiatrists, continued reliance on locum doctors who are paid at a significant premium
Material use of nursing specials and companions, due to high demand for Mental Health Act (MHA) patients requiring locked beds
High outsourced security use on inpatient wards, to mitigate aggression, violence, intrusiveness by patients.
",0.0,210203,ARMADALE HOSPITAL ADULT ACUTE MENTAL HEALTH INPATIENT UNIT,106.301780363124,,1761877483.0,2024/25,5.9,504,1.0,6.8,203,"{'start' => {'avg-patient-bed-day-cost' => {'AdmiAvgPatientDayRange' => {'rule_content' => 'General/adult cost per bed day is outside the national range.','page_name' => 'start','rule' => 'AdmiAvgPatientDayRange','sort_index' => 1,'action' => 'add','slot_name' => 'avg-patient-bed-day-cost','component' => 'admi','meteor_short_name' => ''}}}}",504,1,47775fb9-823c-11f0-baa5-ddfeff17ef21,477777a1-823c-11f0-baa5-f25957a22e53,1,ADMI,28,5,4,{'start' => 1761877563},start,['start'],,4777c3e1-823c-11f0-baa5-faa85ab23dd0
MHCWA,,8669695.0,8320718.0,661382.0,684892.0,0.0,0.0,15.9,15.6,5163,5528,196,177,1.0,,0.0,306007,ST JOHN OF GOD MIDLAND PUBLIC HOSPITAL OLDER PERSONS ACUTE INPATIENT UNIT,96.8193919013591,,1762323484.0,2024/25,0.0,599,1.0,0.0,6007,"{'start' => {'avg-patient-bed-day-cost' => {'AdmiAvgPatientDayRange' => {'sort_index' => 1,'rule' => 'AdmiAvgPatientDayRange','page_name' => 'start','meteor_short_name' => '','slot_name' => 'avg-patient-bed-day-cost','component' => 'admi','action' => 'add','rule_content' => 'Older person cost per bed day is outside the national range.'}}}}",599,40,47775f87-823c-11f0-baa5-de8de3a3355d,47777d22-823c-11f0-baa5-a1830594085e,1,ADMI,27,5,2,{'start' => 1762323767},start,['start'],,4777c39b-823c-11f0-baa5-e59a038a59f0
MHCWA,,21894411.0,21194808.0,1669341.0,1744757.0,0.0,0.0,39.2,40.0,13095,14165,918,965,1.0,,0.0,206007,ST JOHN OF GOD MIDLAND PUBLIC HOSPITAL ADULT ACUTE INPATIENT UNIT,96.7554644808743,,1762323747.0,2024/25,0.0,599,1.0,0.0,6007,"{'start' => {'avg-patient-bed-day-cost' => {'AdmiAvgPatientDayRange' => {'rule_content' => 'General/adult cost per bed day is outside the national range.','meteor_short_name' => '','component' => 'admi','slot_name' => 'avg-patient-bed-day-cost','action' => 'add','sort_index' => 1,'rule' => 'AdmiAvgPatientDayRange','page_name' => 'start'}}}}",599,40,47775f87-823c-11f0-baa5-de8de3a3355d,47777d22-823c-11f0-baa5-a1830594085e,1,ADMI,27,5,4,{'start' => 1762323843},start,['start'],,4777c356-823c-11f0-baa5-a37e69cf51ce
MHCWA,,,3242096.0,,778428.0,,56537.0,12.0,11.0,3695,3809,90,80,1.0,,,300629,ST JOHN OF GOD MT LAWLEY HOSPITAL OLDER PERSONS INPATIENT UNIT,94.6100347739692,,,2024/25,0.0,599,1.0,0.0,629,{},599,30,47775e47-823c-11f0-baa5-ab8f00609d77,47777c6f-823c-11f0-baa5-ff9e467e3dbc,1,ADMI,19,5,2,{'start' => 1761625381},start,['start'],,4777c30f-823c-11f0-baa5-f948bad4bf4b
MHCWA,,5853989.0,4144384.0,597143.0,641723.0,11532.0,20474.0,10.5,6.9,2755,2274,156,131,1.0,,0.0,402696,JOONDALUP HEALTH CAMPUS MENTAL HEALTH UNIT YOUTH,90.0451413637443,,1761038055.0,2024/25,0.0,599,1.0,0.0,642,"{'start' => {'avg-patient-bed-day-cost' => {'AdmiAvgPatientDayRange' => {'action' => 'add','slot_name' => 'avg-patient-bed-day-cost','component' => 'admi','meteor_short_name' => '','page_name' => 'start','rule' => 'AdmiAvgPatientDayRange','sort_index' => 1,'rule_content' => 'Youth cost per bed day is outside the national range.'}},'occupancy' => {'OccupancyRate' => {'rule_content' => 'Inpatient occupancy is low.','page_name' => 'start','rule' => 'OccupancyRate','sort_index' => 0,'action' => 'add','component' => 'admi','slot_name' => 'occupancy','meteor_short_name' => ''}}}}",599,34,47775e15-823c-11f0-baa5-d2b13d9720fa,47777ce7-823c-11f0-baa5-97f12a7ee77e,1,ADMI,18,5,5,{'start' => 1761038044},start,,,4777c2d3-823c-11f0-baa5-8fa27e9d8ec1
MHCWA,,5271592.0,3758031.0,699482.0,682659.0,16532.0,22542.0,10.5,8.2,3256,2478,126,55,1.0,,0.0,302696,JOONDALUP HEALTH CAMPUS MENTAL HEALTH UNIT OLDER PERSONS,82.5669732107157,,1761038038.0,2024/25,0.0,599,1.0,0.0,642,"{'start' => {'avg-patient-bed-day-cost' => {'AdmiAvgPatientDayRange' => {'meteor_short_name' => '','slot_name' => 'avg-patient-bed-day-cost','component' => 'admi','action' => 'add','sort_index' => 1,'rule' => 'AdmiAvgPatientDayRange','page_name' => 'start','rule_content' => 'Older person cost per bed day is outside the national range.'}}}}",599,34,47775e15-823c-11f0-baa5-d2b13d9720fa,47777ce7-823c-11f0-baa5-97f12a7ee77e,1,ADMI,18,5,2,{'start' => 1761112655},start,['start'],,4777c28e-823c-11f0-baa5-b19ca174360f
MHCWA,,30876003.0,29787467.0,4111370.0,3987635.0,34629.0,202672.0,67.6,58.0,23644,20452,735,713,1.0,,0.0,202696,JOONDALUP HEALTH CAMPUS MENTAL HEALTH UNIT ADULT,96.3444507254569,,1761038022.0,2024/25,0.0,599,1.0,0.0,642,"{'start' => {'avg-len-stay' => {'AdmiAvgStayGenAcRangeL' => {'rule' => 'AdmiAvgStayGenAcRangeL','page_name' => 'start','sort_index' => 2,'action' => 'add','meteor_short_name' => '','component' => 'admi','slot_name' => 'avg-len-stay','rule_content' => 'General/adult acute inpatient average length of stay is outside the national range.'}}}}",599,34,47775e15-823c-11f0-baa5-d2b13d9720fa,47777ce7-823c-11f0-baa5-97f12a7ee77e,1,ADMI,18,5,4,{'start' => 1761112565},start,['start'],,4777c250-823c-11f0-baa5-ffa1a5df008c
MHCWA,,7980022.0,6478761.0,2394215.0,2546618.0,64568.0,37764.0,13.0,11.9,3731,3391,205,237,1.0,,0.0,200206,BROOME HOSPITAL ADULT INPATIENT UNIT,77.8573724571796,,1760683128.0,2024/25,0.0,503,1.0,0.0,206,"{'start' => {'occupancy' => {'OccupancyRate' => {'sort_index' => 0,'page_name' => 'start','rule' => 'OccupancyRate','slot_name' => 'occupancy','component' => 'admi','meteor_short_name' => '','action' => 'add','rule_content' => 'Inpatient occupancy is low.'}},'avg-patient-bed-day-cost' => {'AdmiAvgPatientDayRange' => {'rule_content' => 'General/adult cost per bed day is outside the national range.','meteor_short_name' => '','slot_name' => 'avg-patient-bed-day-cost','component' => 'admi','action' => 'add','sort_index' => 1,'rule' => 'AdmiAvgPatientDayRange','page_name' => 'start'}}}}",503,31,47775d1b-823c-11f0-baa5-c17c3828a56f,47777cab-823c-11f0-baa5-ab4c4ac4ed9c,1,ADMI,15,5,4,{'start' => 1760682639},start,,,4777c20b-823c-11f0-baa5-e879109ccd23
MHCWA,,4386889.0,4260489.0,1367665.0,1203377.0,33285.0,56806.0,5.9,6.0,1521,1346,175,122,1.0,"Occupancy is low, partly as a result of bed closures for short periods of time. Also, the average length of stay decreased significantly during the year, reducing overall occupancy. Unfortunately, even when bed numbers are low, strict rostering requirements are adhered to, resulting in a high ben day cost.",0.0,200226,KALGOORLIE HOSPITAL ADULT INPATIENT UNIT,61.2932604735883,,1761163180.0,2024/25,0.0,503,1.0,0.0,226,"{'start' => {'occupancy' => {'OccupancyRate' => {'rule_content' => 'Inpatient occupancy is low.','slot_name' => 'occupancy','component' => 'admi','meteor_short_name' => '','action' => 'add','sort_index' => 0,'page_name' => 'start','rule' => 'OccupancyRate'}},'avg-patient-bed-day-cost' => {'AdmiAvgPatientDayRange' => {'rule_content' => 'General/adult cost per bed day is outside the national range.','action' => 'add','slot_name' => 'avg-patient-bed-day-cost','component' => 'admi','meteor_short_name' => '','page_name' => 'start','rule' => 'AdmiAvgPatientDayRange','sort_index' => 1}}}}",503,29,47775ce9-823c-11f0-baa5-d1a906fff08d,47777c34-823c-11f0-baa5-eb3df7950170,1,ADMI,15,5,4,{'start' => 1761163001},start,,,4777c1c6-823c-11f0-baa5-a2f5c4dfd7d9
MHCWA,,11416216.0,10333923.0,4248516.0,3516734.0,31448.0,156306.0,23.0,23.0,8273,8236,584,642,1.0,"Average bed day cost is inflated by increase in medical locum costs along with high cost of security services

Non-salary costs have increased as a result of an increase in outsourced services, including hospital security.",0.0,220208,BUNBURY HOSPITAL ADULT OPEN MENTAL HEALTH INPATIENT UNIT,97.8379662627703,,1761100090.0,2024/25,0.0,503,1.0,0.0,208,"{'start' => {'avg-patient-bed-day-cost' => {'AdmiAvgPatientDayRange' => {'sort_index' => 1,'page_name' => 'start','rule' => 'AdmiAvgPatientDayRange','slot_name' => 'avg-patient-bed-day-cost','component' => 'admi','meteor_short_name' => '','action' => 'add','rule_content' => 'General/adult cost per bed day is outside the national range.'}}}}",503,19,47775c85-823c-11f0-baa5-a61db8ae97df,47777b75-823c-11f0-baa5-f65c5a742f21,1,ADMI,15,5,4,{'start' => 1761100030},start,,,4777c18a-823c-11f0-baa5-e0ece9bc6977
MHCWA,,2349603.0,2115744.0,1182969.0,906392.0,0.0,0.0,7.0,6.9,2470,2403,50,73,1.0,We have had a number of long stay patients unable to be discharged due to social placement issues. They have very long stays.,0.0,210208,BUNBURY HOSPITAL ADULT SECURE MENTAL HEALTH INPATIENT UNIT,95.1532430506058,,1761099570.0,2024/25,0.0,503,1.0,0.0,208,"{'start' => {'avg-len-stay' => {'AdmiAvgStayGenAcRangeL' => {'slot_name' => 'avg-len-stay','component' => 'admi','meteor_short_name' => '','action' => 'add','sort_index' => 2,'page_name' => 'start','rule' => 'AdmiAvgStayGenAcRangeL','rule_content' => 'General/adult acute inpatient average length of stay is outside the national range.'}}}}",503,19,47775c85-823c-11f0-baa5-a61db8ae97df,47777b75-823c-11f0-baa5-f65c5a742f21,1,ADMI,15,5,4,{'start' => 1761099501},start,,,4777c143-823c-11f0-baa5-979ef17ae601
MHCWA,,7608315.0,6940300.0,2185572.0,1851239.0,3439.0,4885.0,15.8,15.9,3608,3995,357,340,1.0,"Occupancy is down in comparison to 2023/24 partly as a reult of bed closures due to urgent maintenance. For example oner was closed for a 2 week period and others for lesser periods.

Cost is high because of a heavy reliance on Locum doctors. The region has also experienced a heavy casual workforce and has had significant shortfalls in Diagnostic staff, some of which have had to be covered by nursing staff at higher rates of pay. Also, the reduced number of bed days, increases the average cost per bed day because of the ratio of fixed to variable costs.",0.0,200201,ALBANY REGIONAL HOSPITAL ADULT MENTAL HEALTH INPATIENT UNIT,68.6496889713716,,1761164729.0,2024/25,0.0,503,1.0,0.0,201,"{'start' => {'occupancy' => {'OccupancyRate' => {'rule_content' => 'Inpatient occupancy is low.','slot_name' => 'occupancy','component' => 'admi','meteor_short_name' => '','action' => 'add','sort_index' => 0,'page_name' => 'start','rule' => 'OccupancyRate'}},'avg-patient-bed-day-cost' => {'AdmiAvgPatientDayRange' => {'rule_content' => 'General/adult cost per bed day is outside the national range.','sort_index' => 1,'page_name' => 'start','rule' => 'AdmiAvgPatientDayRange','slot_name' => 'avg-patient-bed-day-cost','component' => 'admi','meteor_short_name' => '','action' => 'add'}}}}",503,7,47775c53-823c-11f0-baa5-ab53b66c2415,477779ee-823c-11f0-baa5-ff104499f9e8,1,ADMI,15,5,4,{'start' => 1761165102},start,['start'],,4777c107-823c-11f0-baa5-aac1ca99d6ed
MHCWA,,13750652.0,12509434.0,10620779.0,6758783.0,5617.0,4344.0,20.0,19.8,4048,4711,427,417,1.0,,0.0,100107,PERTH CHILDREN'S HOSPITAL CAMHS ACUTE MENTAL HEALTH INPATIENT UNIT,,65.0080035325937,,2024/25,0.0,580,1.0,0.0,107,"{'start' => {'avg-patient-bed-day-cost' => {'AdmiAvgPatientDayRange' => {'rule_content' => 'Child & Adolescent cost per bed day is outside the national range.','action' => 'add','meteor_short_name' => '','component' => 'admi','slot_name' => 'avg-patient-bed-day-cost','rule' => 'AdmiAvgPatientDayRange','page_name' => 'start','sort_index' => 1}}}}",580,50,47775b8a-823c-11f0-baa5-af3040420479,47777d9c-823c-11f0-baa5-98a2023e5945,1,ADMI,14,5,1,{'start' => 1760338832},start,,,4777c0c2-823c-11f0-baa5-9b82a35a6ceb
MHCWA,,6092916.0,4126605.0,785730.0,553582.0,6070.0,4819.0,10.0,10.0,4177,3604,172,161,1.0,"The increase in average wage for Admitted services (Older persons) in the financial year 2024/25 is due to increase in Consultants Psychiatrists which have highest average wage compared to the rest of the staffing categories.

The average patient bed day cost for the Admitted services (Older persons) in the financial year 2024/25 is higher due to increase in Consultants Psychiatrists which have highest average wage compared to the rest of the staffing categories.

The inpatient occupancy is low due to the commencement of the older adult service which gradually increase throughout the financial year.",0.0,300277,PARK MENTAL HEALTH SERVICE OLDER PERSONS INPATIENT UNIT,98.4699453551913,,1759368442.0,2024/25,0.0,502,1.0,4.6,277,"{'start' => {'occupancy' => {'OccupancyRate' => {'rule_content' => 'Inpatient occupancy is low.','sort_index' => 0,'rule' => 'OccupancyRate','page_name' => 'start','meteor_short_name' => '','slot_name' => 'occupancy','component' => 'admi','action' => 'add'}},'avg-patient-bed-day-cost' => {'AdmiAvgPatientDayRange' => {'rule_content' => 'Older person cost per bed day is outside the national range.','sort_index' => 1,'rule' => 'AdmiAvgPatientDayRange','page_name' => 'start','meteor_short_name' => '','component' => 'admi','slot_name' => 'avg-patient-bed-day-cost','action' => 'add'}}}}",502,15,47775b58-823c-11f0-baa5-a7a1d20c89c2,47777af2-823c-11f0-baa5-fdf89e4dc2f0,1,ADMI,13,5,2,{'start' => 1759368438},start,,,4777c071-823c-11f0-baa5-cdf57e2a25af
MHCWA,,12710334.0,10842902.0,4952659.0,1872445.0,22044.0,11349.0,19.5,20.0,11231,10998,889,871,1.0,,0.0,200277,PARK MENTAL HEALTH SERVICE ADULT INPATIENT UNIT,150.245901639344,,1759368435.0,2024/25,12.0,502,1.0,16.9,277,{'start' => {'occupancy' => {}}},502,15,47775b58-823c-11f0-baa5-a7a1d20c89c2,47777af2-823c-11f0-baa5-fdf89e4dc2f0,1,ADMI,13,5,4,{'start' => 1759368428},start,,,4777c016-823c-11f0-baa5-97222d38209e
MHCWA,,11652813.0,10751745.0,2002042.0,1873462.0,22390.0,21678.0,14.0,14.0,8873,8309,957,785,1.0,,0.0,400106,FIONA STANLEY HOSPITAL ACUTE YOUTH INPATIENT UNIT,162.158469945355,,1759368212.0,2024/25,12.0,502,1.0,16.0,106,{'start' => {'occupancy' => {}}},502,9,47775b26-823c-11f0-baa5-e379b8e22749,47777a36-823c-11f0-baa5-893b20218929,1,ADMI,13,5,5,{'start' => 1759368209},start,,,4777bfc7-823c-11f0-baa5-9133a5f20bb5
MHCWA,,30355145.0,8790976.0,9506932.0,1983222.0,2849334.0,0.0,51.1,15.9,16404,4872,1580,747,1.0,"The increase in average wage for Admitted services (General/Adult) in the financial year 2024/25 is due to increase in staffing across all categories driven by the addition of the Cockburn Health facility under SMHS.

The average patient bed day cost is outside the national average range however it is in line with the average cost reported in 2023/24.",0.0,200106,FIONA STANLEY HOSPITAL ACUTE ADULT INPATIENT UNIT,83.7199711310444,,1759368203.0,2024/25,0.0,502,1.0,0.0,106,"{'start' => {'avg-patient-bed-day-cost' => {'AdmiAvgPatientDayRange' => {'action' => 'add','meteor_short_name' => '','component' => 'admi','slot_name' => 'avg-patient-bed-day-cost','rule' => 'AdmiAvgPatientDayRange','page_name' => 'start','sort_index' => 1,'rule_content' => 'General/adult cost per bed day is outside the national range.'}}}}",502,9,47775b26-823c-11f0-baa5-e379b8e22749,47777a36-823c-11f0-baa5-893b20218929,1,ADMI,13,5,4,{'start' => 1759368199},start,,,4777bf80-823c-11f0-baa5-b75ce694a810
MHCWA,,9425809.0,8166442.0,1360594.0,1167035.0,9237.0,6785.0,16.0,15.7,7370,6263,155,172,1.0,,0.0,300102,FREMANTLE HOSPITAL OLDER PERSONS MENTAL HEALTH INPATIENT UNIT,108.993769795691,,1759368298.0,2024/25,3.8,502,1.0,6.0,102,{'start' => {'occupancy' => {}}},502,3,47775af4-823c-11f0-baa5-af767afba12b,477778ce-823c-11f0-baa5-eb16402a3c78,1,ADMI,13,5,2,{'start' => 1759368294},start,,,4777bf3b-823c-11f0-baa5-a5c61f23fef3
MHCWA,,21441619.0,21138484.0,3251671.0,5679036.0,35722.0,25476.0,48.1,48.0,21273,21280,1884,1432,1.0,,0.0,200102,FREMANTLE HOSPITAL ADULT MENTAL HEALTH INPATIENT UNIT,121.129326047359,,1759368290.0,2024/25,12.0,502,1.0,12.0,102,{'start' => {'occupancy' => {}}},502,3,47775af4-823c-11f0-baa5-af767afba12b,477778ce-823c-11f0-baa5-eb16402a3c78,1,ADMI,13,5,4,{'start' => 1759368286},start,,,4777bef6-823c-11f0-baa5-e94b1ffc0511
MHCWA,,4387198.0,4208971.0,1373630.0,1088130.0,127455.0,128466.0,8.0,7.7,2103,1920,115,124,1.0,,0.0,200104,KEMH MOTHER BABY UNIT,68.1285927187567,,1761277162.0,2024/25,0.0,501,1.0,0.0,104,"{'start' => {'avg-patient-bed-day-cost' => {'AdmiAvgPatientDayRange' => {'rule_content' => 'General/adult cost per bed day is outside the national range.','meteor_short_name' => '','slot_name' => 'avg-patient-bed-day-cost','component' => 'admi','action' => 'add','sort_index' => 1,'rule' => 'AdmiAvgPatientDayRange','page_name' => 'start'}},'occupancy' => {'OccupancyRate' => {'rule_content' => 'Inpatient occupancy is low.','action' => 'add','component' => 'admi','slot_name' => 'occupancy','meteor_short_name' => '','page_name' => 'start','rule' => 'OccupancyRate','sort_index' => 0}}}}",501,25,47775ac2-823c-11f0-baa5-bc96e93a241a,47777bb1-823c-11f0-baa5-884a73151b5e,1,ADMI,12,5,4,{'start' => 1761277149},start,,,4777beba-823c-11f0-baa5-d099c38032d0
MHCWA,,2601268.0,2703637.0,361355.0,306295.0,20789.0,21729.0,0.0,0.0,2516,2445,411,244,1.0,,0.0,400105,SIR CHARLES GAIRDNER HOSPITAL MENTAL HEALTH SERVICE YOUTH MENTAL HEALTH INPATIENT UNIT,,,,2024/25,8.0,501,1.0,8.0,105,{},501,17,47775a90-823c-11f0-baa5-e45dd1491626,47777b30-823c-11f0-baa5-89c0e7f67867,1,ADMI,12,5,5,{'start' => 1760324733},start,,,4777be73-823c-11f0-baa5-b1872d969bc1
MHCWA,,16528843.0,15700048.0,2919992.0,3432113.0,39971.0,11098.0,32.0,32.0,12934,13257,302,254,1.0,,0.0,300158,SELBY HOSPITAL OLDER PERSONS MENTAL HEALTH INPATIENT,113.191598360656,,,2024/25,8.0,501,1.0,8.0,158,"{'start' => {'occupancy' => {'OccupancyRate' => {'page_name' => 'start','rule' => 'OccupancyRate','sort_index' => 0,'action' => 'add','component' => 'admi','slot_name' => 'occupancy','meteor_short_name' => '','rule_content' => 'Inpatient occupancy is low.'}}}}",501,14,47775a55-823c-11f0-baa5-d315e5b7e807,47777ab6-823c-11f0-baa5-ce9bc89d939f,1,ADMI,12,5,2,{'start' => 1759910179},start,,,4777be0e-823c-11f0-baa5-b7349f0dc8b9
MHCWA,,27116913.0,24807187.0,5482912.0,4605964.0,79672.0,80592.0,36.9,35.8,16220,16326,1307,1458,1.0,,0.0,200105,SIR CHARLES GAIRDNER HOSPITAL MENTAL HEALTH SERVICE ADULT MENTAL HEALTH INPATIENT UNIT,124.59932228226,,,2024/25,16.0,501,1.0,16.0,105,"{'start' => {'avg-patient-bed-day-cost' => {'AdmiAvgPatientDayRange' => {'slot_name' => 'avg-patient-bed-day-cost','component' => 'admi','meteor_short_name' => '','action' => 'add','sort_index' => 1,'page_name' => 'start','rule' => 'AdmiAvgPatientDayRange','rule_content' => 'General/adult cost per bed day is outside the national range.'}},'occupancy' => {'OccupancyRate' => {'rule_content' => 'Inpatient occupancy is low.','sort_index' => 0,'page_name' => 'start','rule' => 'OccupancyRate','slot_name' => 'occupancy','component' => 'admi','meteor_short_name' => '','action' => 'add'}}}}",501,14,47775a55-823c-11f0-baa5-d315e5b7e807,47777a7b-823c-11f0-baa5-d561e8804f0e,1,ADMI,12,5,4,{'start' => 1760326586},start,,,4777bda1-823c-11f0-baa5-b24ebb8cd11c
MHCWA,,20991717.0,19718813.0,3395961.0,3304656.0,2337715.0,2194042.0,52.4,58.1,12711,15610,297,40,1.0,,0.0,220935,GRAYLANDS HOSPITAL ADULT OTHER MENTAL HEALTH INPATIENT UNIT,73.4083876489565,,,2024/25,0.0,501,1.0,0.0,935,"{'start' => {'occupancy' => {'OccupancyRate' => {'rule_content' => 'Inpatient occupancy is low.','action' => 'add','meteor_short_name' => '','component' => 'admi','slot_name' => 'occupancy','rule' => 'OccupancyRate','page_name' => 'start','sort_index' => 0}},'avg-patient-bed-day-cost' => {'AdmiAvgPatientDayRange' => {'page_name' => 'start','rule' => 'AdmiAvgPatientDayRange','sort_index' => 1,'action' => 'add','slot_name' => 'avg-patient-bed-day-cost','component' => 'admi','meteor_short_name' => '','rule_content' => 'General/adult cost per bed day is outside the national range.'}}}}",501,6,477759dd-823c-11f0-baa5-f3368eec4ec9,477779a9-823c-11f0-baa5-899960358767,2,ADMI,12,5,4,{'start' => 1760511095},start,,,4777bd65-823c-11f0-baa5-ede03438d1ce
MHCWA,,27747796.0,26065215.0,4488934.0,4368242.0,3090096.0,2900184.0,50.5,50.9,25293,20634,1241,908,1.0,,0.0,210935,GRAYLANDS HOSPITAL ADULT ACUTE MENTAL HEALTH INPATIENT UNIT,110.760410963316,,,2024/25,16.0,501,1.0,16.0,935,"{'start' => {'occupancy' => {'OccupancyRate' => {'rule_content' => 'Inpatient occupancy is low.','slot_name' => 'occupancy','component' => 'admi','meteor_short_name' => '','action' => 'add','sort_index' => 0,'page_name' => 'start','rule' => 'OccupancyRate'}}}}",501,6,477759dd-823c-11f0-baa5-f3368eec4ec9,477779a9-823c-11f0-baa5-899960358767,1,ADMI,12,5,4,{'start' => 1760511072},start,,,4777bd14-823c-11f0-baa5-fc50edac7b40
MHCWA,,3558279.0,3164819.0,540909.0,501712.0,38333.0,36421.0,24.5,13.6,6817,2528,52,4,1.0,,0.0,220135,STATE FORENSIC MENTAL HEALTH SERVICE OTHER INPATIENT FORENSIC UNIT,50.7875281260045,,,2024/25,0.0,501,1.0,0.0,135,"{'start' => {'occupancy' => {'OccupancyRate' => {'action' => 'add','component' => 'admi','slot_name' => 'occupancy','meteor_short_name' => '','page_name' => 'start','rule' => 'OccupancyRate','sort_index' => 0,'rule_content' => 'Inpatient occupancy is low.'}}}}",501,6,477759dd-823c-11f0-baa5-f3368eec4ec9,47777964-823c-11f0-baa5-baf3bd310eab,2,ADMI,12,5,3,{'start' => 1760511053},start,,,4777bccf-823c-11f0-baa5-ad491c5edf3c
MHCWA,,14717309.0,13089932.0,2237239.0,2075119.0,158549.0,150641.0,20.0,30.0,7095,10456,90,60,1.0,,0.0,210135,STATE FORENSIC MENTAL HEALTH SERVICE ACUTE INPATIENT FORENSIC UNIT,95.2276867030965,,,2024/25,0.0,501,1.0,0.0,135,"{'start' => {'avg-patient-bed-day-cost' => {'AdmiAvgPatientDayRange' => {'page_name' => 'start','rule' => 'AdmiAvgPatientDayRange','sort_index' => 1,'action' => 'add','slot_name' => 'avg-patient-bed-day-cost','component' => 'admi','meteor_short_name' => '','rule_content' => 'Forensic cost per bed day is outside the national range.'}}}}",501,6,477759dd-823c-11f0-baa5-f3368eec4ec9,47777964-823c-11f0-baa5-baf3bd310eab,1,ADMI,12,5,3,{'start' => 1760511766},start,['start'],,4777bc80-823c-11f0-baa5-f03bf9308be9
MHCWA,,10648823.0,10193882.0,1959743.0,2006136.0,310942.0,282266.0,23.7,24.0,7886,8224,245,214,1.0,,0.0,310239,OSBORNE PARK LODGE OLDER PERSONS ACUTE MENTAL HEALTH INPATIENT UNIT,93.6247723132969,,,2024/25,0.0,501,1.0,0.0,239,"{'start' => {'avg-patient-bed-day-cost' => {'AdmiAvgPatientDayRange' => {'sort_index' => 1,'page_name' => 'start','rule' => 'AdmiAvgPatientDayRange','slot_name' => 'avg-patient-bed-day-cost','component' => 'admi','meteor_short_name' => '','action' => 'add','rule_content' => 'Older person cost per bed day is outside the national range.'}}}}",501,4,47775915-823c-11f0-baa5-f850233b2ee4,4777791c-823c-11f0-baa5-8d2b1908e72c,1,ADMI,12,5,2,{'start' => 1759736834},start,['start'],,4777bbcb-823c-11f0-baa5-8953b1695ccf
